title,company,salary,address,work_location,description
Accounting Manager,The Gardens Casino,"$115,000 - $125,000 a year","11871 Carson Street, Hawaiian Gardens, CA 90716",In person,"Job Overview
We are seeking a detail-oriented and experienced Accounting Manager to oversee our financial operations and ensure compliance with accounting standards. The ideal candidate will possess strong analytical skills and a comprehensive understanding of financial accounting principles. This role is crucial for maintaining accurate financial records, preparing reports, and providing insights that support strategic decision-making.
Duties
Maintains compliance with GAAP
Maintains and evaluates internal controls, implementing new controls as needed.
Coordinates internal and external audits, preparing necessary documentation, and addresses audit findings promptly, ensuring a clean audit opinion.
Ensuring timely and accurate financial reporting.
Performs detailed financial and trend analysis.
Writes and updates procedures.
Implements accounting systems; searches for ways to improve accuracy and efficiency.
Manages an accounting team, providing mentorship, conducting performance evaluations, and facilitating development to enhance team productivity.
Requirements
One to two years of supervisory experience.
Communicates in a professional manner, both verbally and in written form.
Must be able to problem solve independently, be a self-starter, analytical, and have a positive attitude.
Proven experience in financial accounting, auditing, and report writing.
Strong knowledge of balance sheet reconciliation, general ledger reconciliation, cash flow analysis, and financial software applications.
Excellent analytical skills with attention to detail and accuracy.
Strong communication skills to effectively present financial information to stakeholders.
Ability to work independently as well as part of a team in a fast-paced environment.
Oversees daily accounting activities, including accounts payable, general ledger posting and maintenance, internal audits, and payroll processing.
Oversees compliance with tax matters, such as 1099 and W2-G reporting
Manages the month-end closing process, account reconciliations and publishes monthly financial statements.
Education/Experience
Bachelor’s degree in Accounting or Finance preferred or two to four years related experience.
Intermediate proficiency with accounting software and excel.
Proficiency in QuickBooks is highly desirable.
Job Type: Full-time
Pay: $115,000.00 - $125,000.00 per year
Benefits:
401(k) matching
Dental insurance
Health insurance
Life insurance
Paid sick time
Vision insurance
Schedule:
8 hour shift
Day shift
Ability to Relocate:
Hawaiian Gardens, CA 90716: Relocate before starting work (Required)
Work Location: In person"
Sr. Staff Accountant,Word & Brown Companies,"$84,160 - $100,000 a year",,,"(Pay range: $84,160 - $100,000 annually DOE)
Hybrid/Remote: in office 2x week & other days remote
Purpose of Position:
Assist in the timely and accurate accounting of company resources. Preparation of account reconciliation of company balance sheet accounts, management reports as needed and various tax preparations.
Essential Functions:
Prepare, analyze, and input journal entries to the general ledger system.
Preparation of financial statements according to GAAP.
Perform month end close tasks in a timely manner.
Analyze select general ledger to ensure that accounts are in balance, fully reconciled and items contained are appropriate in terms of classification and timeliness.
Ensure that subsidiary ledgers remain in balance with their related general ledger control accounts.
Perform complex balance sheet account reconciliation.
Perform loan covenant ratio calculations using financials.
Implement new accounting procedures based on new accounting standards.
Prepare and complete various federal, state and local filings.
Provide support to external tax preparer in preparation of quarterly and annual tax returns and payments.
Provide support for annual accounting audits.
Prepare complex analytical reports as assigned.
Perform special projects and other accounting duties as assigned.
Lead and guide the work of others in the department, including but not limited to: general ledger posting in to the accounting system, financial transactions required, financial reports completion and analysis, government report filing completion, and other finance related duties.
Stay current with developments, practice trends, and promulgations in the accounting profession and monitor accounting systems and recommend new or revised policies and procedures.
Participate in the development and implementation of goals, objectives, policies, and priorities for department.
Recommend and administer policies and procedures.
Hybrid attendance and punctuality are essential functions of the job.
Perform other business tasks or functions as assigned.

Knowledge, Skills & Abilities Required:
Seven (7) plus years’ experience with a high volume computerized General Ledger System.
Strong understanding of GAAP and accruals.
Account analysis, journal entry processing experience and working knowledge of internal controls absolutely required.
Strong written and oral communication skills.
Highly developed PC skills, preferably in Microsoft environment.
Emphasis on Excel, Word and Access.
Microsoft Dynamics GP experience, a plus.
Payroll accounting experience a plus.

Educational Requirements:
High school diploma or equivalent required.
Bachelor’s degree in Accounting or significant, equivalent experience.

Physical Requirements: Must be able to sit for extended periods of time and occasional standing and walking. Must have adequate hearing for phone work. Vision requirements include close vision and the ability to adjust focus. Must be able to communicate effectively in English. Must be able to use a keyboard and other office equipment. Ability to lift up to 10 pounds occasionally."
Senior Staff Accountant,Verus Aerospace,"$85,000 - $1,000,000 a year",,,"When you join the Verus Aerospace team, you are more than a number – you are a valued part of our company family. Superior craftsmanship, employee pride and a shared commitment to continuous improvement are the foundation of our success. We have a strong reputation for professionalism and quality in the aerospace industry. Our company is committed to excellence and we recognize that the right people, offering their ideas and expertise, will enable us to continue our success. We seek team members who are passionate, adaptable, driven to achieve quality results, focused on continuous improvement, self-motivated and problem solvers.
Position Summary:
The Senior Staff Accountant provides comprehensive data, metrics and information to help drive business decisions in harmony to our major aerospace supplier with structured accounting practices. This position also interacts daily with staff accountant to provide support when needed.
Essential Duties and Responsibilities:
Assist with the monthly, quarterly, and annual close processes by preparing and reviewing journal entries related to accruals, payroll, prepaids, fixed assets, revenue recognition, reclasses as well as recurring entries.
Record and reconcile advances to suppliers, prepaids, payroll expense and other accruals related to payroll.
Manage the processing of cash receipts, recording of revenue and receivables and work closely with the team to ensure that revenues and receivables are reconciled. Assist controller with collections.
Review and process Credit Card Expense reports and receipts submitted by cardholders on monthly basis.
Manage Fixed assets, including CIP tracking, depreciation schedules and preparation of CAR's.
Perform general accounts analysis and reconciliations, including bank statements, fixed assets, employer's benefit costs, accruals and prepaid expenses.
Compile inventory reports from multiple sources, identify variances and reconcile to ledger.
Prepare property, sales and use tax returns as well as other local regulatory returns.
Prepare ledger entries by maintaining files and records and reconciling accounts.
Prepare and post journal entries.
Prepare and analyze account reconciliations assigned.
Assist controller with monthly preparation of MMR.
Accounts Receivable - Process daily and weekly customer invoices, post cash, collect outstanding customer balances and perform additional duties as assigned.
Participate, prepare maintain and support internal and external audits.
Additional ad hoc projects as assigned.
Position Requirements
To perform this job successfully, an individual must be able to perform each essential duty satisfactorily.
The requirements listed below are representative of the knowledge, skill, and/or ability required. Reasonable accommodations may be made to enable individuals with disabilities to perform the essential functions.
Education and Experience:
Bachelor's degree in Finance or Accounting required.
3 to 5 years of accounting experience with a proven track record of progressive career advancement.
Manufacturing and aerospace experience a plus.
Knowledge, Skills and Abilities:
Personal Skills
Requires strong analytical and problem solving ability; strong written and verbal communication skills throughout multiple levels of the organization
Requires the ability to identify and successfully implement process improvement
Self- motivated team player
Must possess strong organizational skills
Computer Skills
Proficient in Microsoft Office Suite. Advanced excel skills required. Candidates will be tested.
Knowledge of Visual ERP a plus
Language Skills
Excellent communication (both oral and written) skills and strong interpersonal skills
Equal Employment Opportunity
Verus Aerospace is an Equal Opportunity employer. All qualified applicants will receive consideration for employment without regard to race, color, national origin, age, gender, religion, disability, sexual orientation, marital status, veteran status, gender identity or expression, or any other basis protected by local, state or federal law. This policy applies with regard to all aspects of one's employment, including hiring, transfer, promotion, compensation, eligibility for benefits and termination. A notice describing Federal equal employment law is available here.

Reasonable Accommodations
Verus Aerospace is committed to offering reasonable accommodations to qualified job applicants with disabilities. If you need assistance or an accommodation due to a disability, please click here to contact us and let us know the nature of your request and contact information. Please note that only those inquiries concerning a request for reasonable accommodation will be responded to from this e-mail address.

Transparency In Coverage (TIC) information
This is a link that will take you to Anthem's website for access to Verus' Machine-Readable Files per the Consolidated Appropriations Act, 2021 Transparency in Coverage requirement to provide Machine-Readable Files on the health plan (effective July 1, 2022).
https://www.anthem.com/ca/machine-readable-file/search
ITAR Requirements
To conform to U.S. Government export regulations, applicant must be a U.S. citizen, lawful permanent resident of the U.S., protected individual as defined by ITAR (22 CFR §120.15).
E-Verify
This employer participates in E-Verify and will provide the federal government with your Form I-9 information to confirm that you are authorized to work in the U.S. If E-Verify cannot confirm that you are authorized to work, this employer is required to give you written instructions and an opportunity to contact Department of Homeland Security (DHS) or Social Security Administration (SSA) so you can begin to resolve the issue before the employer can take any action against you, including terminating your employment. Employers can only use E-Verify once you have accepted a job offer and completed the Form I-9. E-Verify Works for Everyone For more information on E-Verify, or if you believe that your employer has violated its E-Verify responsibilities, please contact DHS. 888-897-7781 dhs.gov/e-verify
I certify that I have made true, correct, and complete answers and statements on my employment application, any supplements to it and in any interview in the knowledge that they will be relied upon in considering my application for employment. I understand that any false or misleading information or omission may disqualify me from further consideration for employment and may lead to my dismissal from employment or revocation of an offer of employment, if discovered at a later date.
I also understand that if I am hired, I will be required to provide proof of identity and legal authorization to work in the United States and that federal immigration laws require the completion of an I-9 Form in this regard.
This Company does not tolerate unlawful discrimination in its employment practices. No question on this application is used for the purpose of limiting or excluding an applicant from consideration for employment on the basis of his or her race, color, religion, national origin, genetic information, gender, gender identification, gender expression, marital status or civil partnership/union status, sexual orientation, cancer related condition, medical condition, citizenship, age, physical or mental disability (actual or perceived), pregnancy disability, or family leave status, pregnancy, breastfeeding needs, reproductive health decision-making, organ or bone marrow donor status, or military or veteran's status, or any other protected status under applicable federal, state, or local law. This company likewise does not tolerate harassment based on sex, race, color, religion, national origin, genetic information, citizenship, age, disability, or any other protected status. Harassment of our employees is strictly prohibited, whether it is committed by a manager, coworker, subordinate, or non-employee (such as a vendor or customer). The Company takes all complaints of harassment seriously and all complaints will be investigated promptly and thoroughly.
I hereby understand and acknowledge that any employment relationship with this Company is of an ""at will"" nature, which means that my employment may be terminated by me or the company at any time for any reason or no reason, and with or without notice. It is further understood that this ""at will"" employment relationship cannot be changed except in writing by an authorized executive of this Company. If hired, I agree to abide by all of the Company's rules, policies, and procedures. I understand that the Company and all plan administrators shall have the maximum discretion permitted by law to administer, interpret, modify, discontinue, enhance, or otherwise change all policies, procedures, rules, benefits, or other terms or conditions of employment.
I understand that in addition to this application, the employment process may, for certain positions, include any or all of the following procedures: testing – aptitude, personality and/or skill, multiple interviews, post-offer thorough background checks and drug screening test.
Immigration Compliance Plan
The Company policies include a commitment to non-discrimination based on race, national origin and immigration status. Pursuant to the Immigration and Nationality Act (INA), which protects work authorized individuals from employment discrimination on the basis of citizenship status or national origin, employment decisions will not be made on the basis of a person's national origin, race or immigration status except to the extent necessary to comply with the International Traffic in Arms Regulations (ITAR).
In those situations, the Company will need to obtain information necessary to comply with the requirements of the International Traffic in Arms Regulations (ITAR). This will include collection of documentation to establish one of three categories of citizenship/ immigration status: (1) U.S. Citizenship; (2) Permanent Residency (Green Card) and (3) Asylum or Refugee Status (formally recognized or assigned such status by the U.S. Immigration and Customs Enforcement).
If an applicant or employee does not meet the category applicable to their anticipated work for the Company, the Company cannot hire such applicant. In order to ensure ITAR compliance, all applicants and employees of the Company will have their immigration status checked through a system called ""E-Verify."" If the findings on the E-Verify search are not accurate, please contact Human Resources and obtain copies of all documents related to your work status. Employees who are not authorized to work in the United States cannot be employed at the Company."
"Accountant, F&B",ocV!BE,"$90,000 - $100,000 a year",,,"A great experience starts with you!
Join our team to help create and develop the future of live entertainment and sports in Orange County!
Once you've had a chance to explore our current open positions, apply to the ones you feel best suit you, as an applicant, you can always see your application status in your profile.
Mission: To enrich the lives in our community through shared experiences, welcoming spaces, and responsible actions.
Vision: We will be the social and entertainment center of Orange County – a place where the cultural kaleidoscope of the region converges and connects. Our vibrant, rich collection of experiences will celebrate the diversity of our community.
Values: Be Safe | Do the Right Thing | Be Generous | Include Everyone | Make it Easy | Be Bold
Job Title:
Accountant, F&B
Pay Details:
The annual base salary range for this position in California is $90,000 to $100,000 per year. The starting pay for the successful candidate depends on various job-related factors, including but not limited to the candidate’s geographic location, job-related knowledge, skills, experience, education/training, internal value, peer equity, external market demands, and organizational considerations.
The Accountant supports daily financial operations, including revenue recording, reconciliations, accounts receivable/payable, and audit preparation. This role ensures accurate financial reporting and maintains organized fiscal records. This role requires 5-7 years of experience in accounting/finance.
Responsibilities
Review and reconcile POS sales reports and record revenue in the F&B general ledger according to appropriate sales categories, departments, and events
Reconcile daily settlements between POS reports and bank statements
Complete monthly bank reconciliations for all transactions across all bank accounts
Reconcile intercompany accounts
Oversee and maintain Accounts Receivable and provide regular updates to leadership on receivables status
Provide support to the Accounts Payable function
Contribute to the achievement of financial accounting objectives
Support financial audits by preparing required documentation, coordinating with auditors, and responding to audit inquiries in a timely and accurate manner
Assist in the preparation of monthly financial reports
Establish and maintain organized fiscal files and records to accurately document transactions
Assist with ad hoc reporting and special projects
Skills
Bachelor’s degree in accounting or a related field preferred
5-7 years of experience in accounting or finance
Experience in the food and beverage industry preferred
Proficiency in Microsoft Office applications (Word, Excel, Outlook) is a must
Knowledge of Microsoft Dynamics 365 F&O software is preferred
Proven knowledge of bookkeeping and accounting principles
Strong organizational skills
High attention to detail and accuracy
Excellent communication skills, both written and oral
Able to work efficiently and accurately, especially with deadlines
Able to manage a budget and work within the constraints of that budget
Able to define problems, collect data, establish facts, and draw valid conclusions
Able to take directions from multiple parties
Able to prioritize while handling multiple tasks
Knowledge, Skills and Experience
Education - Bachelor's Degree
Experience Required – 5+ Years
This position is on-site.
Company:
Anaheim Arena Management, LLC (F&B)
Our Commitment:
We are committed to providing an environment of mutual respect where equal employment opportunities are available to all applicants and team members without regard to race, color, religion, sex (including pregnancy and gender identity), national origin, political affiliation, sexual orientation, marital status, disability, genetic information, age, membership in an employee organization, parental status, military service, medical condition or any protected category prohibited by local, state or federal laws. We are firm believers that diversity and inclusion among our team members are critical to our success, and we seek to recruit, develop, and retain the most talented people from a diverse candidate pool.
Thanks for your interest in becoming part of ocV!BE!"
Staff Accountant,Pacific Sunwear Stores LLC,"$72,933 - $80,438 a year",,,"Join the Pacsun Community

Co-created in Los Angeles, Pacsun inspires the next generation of youth, building community at the intersection of fashion, music, art and sport. Pacsun is a leading lifestyle brand offering an exclusive collection of the most relevant brands and styles such as adidas, Brandy Melville, Essentials Fear of God, our own brands, and many more.

Our Pacsun community believes in and understands the importance of using our voice, platform, and resources to inspire and bring about positive development. Through our PacCares program, we are committed to our responsibility in using our platform to drive change and take action on the issues important to our community. Join the Pacsun Community.

Learn more here: LinkedIn- Our Community

About the Job:
Ensure accurate and timely capture of financial transactions from subsidiary systems and manual journal entries in the general ledger. Provide general ledger accounting support and reporting to internal (senior management, functional areas, and department heads) and external customers (external auditors).
A day in the life, what you’ll be doing:
Work collaboratively with internal stakeholders from different departments to understand and maintain accurate accrual and accounting.
Create journal entries and maintain G/L accounts accurately during the close process.
Develop and maintain excel reporting models including numerous spreadsheets which calculate journal entries for accruals, operating expenses, allocations, payroll and benefit adjustments, interest expense, and equity earnings.
Perform month-end, quarter-end, and year-end account reconciliations.
Develop and provide management reporting and information to internal customers (functional areas and department heads) and external customers (external auditors, census bureau).
Reconcile and analyze specific general ledger accounts.
Demonstrate flexibility in taking on ad-hoc projects
Assist external auditors with year-end financial statement audit
Maintain SOX compliance.
Assist with other financial reporting projects as needed.
Maintain knowledge of accounting policies and procedures.

What it takes to Join:
BA / BS in Accounting or Finance.
1-3 years of progressive accounting experience preferred. Will consider recent graduates.
Understanding of the relationship between various financial reports: Balance Sheet, Income Statement, and Cash Flow.
Understand the flow of financial information from transactions to reports.
Strong organizational skills and attention to detail.
Ability to communicate effectively with all staff levels in Finance / Accounting and other departments as required.
Ability to work independently, manage time well, and handle multiple projects and deadlines.
Ability to work remotely, collaborate and communicate using various tools.
Experience with Accounting software systems and proficiency in Excel. Excel Power Query, Infor Cloud Suite Financials, Microsoft Dynamics, and Blackline experience a plus.

Salary Range: $72,933 - $80,438

Pac Perks:
Dog friendly office environment
On-site Café
On-site Gym
$1,000 referral incentive program
Generous associate discount of 30-50% off merchandise online and in-stores
Competitive long term and short-term incentive program
Immediate 100% vested 401K contributions and employer match
Calm Premium access for all employees
Employee perks throughout the year

Physical Requirements:
The physical demands described here are representative of those that are required by an associate to successfully perform the essential functions of this job.
While performing the duties of this job, the associate is regularly required to talk or hear. The associate is frequently required to sit; stand; walk; use hands to finger, handle or feel; as well as reach with hands and arms.
Specific vision abilities required by this job include close vision, distance vision, depth perception and ability to adjust focus.
Ability to work in open environment with fluctuating temperatures and standard lighting.
Ability to work on computer and mobile phone for multiple hours; with frequent interruptions.
Required to travel in elevator or stairwells to attend meetings and engage with associates on multiple floors throughout building.
Hotel, Airplane, and Car Travel may be required.

Position Type/Expected Hours of Work:
This is a full-time position. As a National Retailer, occasional evening and/or weekend work may be required during periods of high volume. This role operates in a professional office environment and routinely uses standard office equipment.

Other Considerations:
Please note this job description is not designed to cover or contain a comprehensive listing of activities, duties or responsibilities that are required of the associate for this job. Duties, responsibilities and activities may change at any time with or without notice. Reasonable accommodations may be made to qualified individuals with disabilities to enable them to perform the essential functions of the role.
Equal Opportunity Employer
This employer is required to notify all applicants of their rights pursuant to federal employment laws. For further information, please review the Know Your Rights notice from the Department of Labor."
"Accountant, F&B",Honda Center,"$90,000 - $100,000 a year",,,"A great experience starts with you!
Honda Center welcomes fans, performers, and athletes from around the globe. Our team members are an integral part of the event experience through their interactions with guests. Whether you’re looking to create a great guest experience at a concert, support business growth and development, work behind-the-scenes during an Anaheim Ducks game, or anything in-between, this is your opportunity to start the next chapter of your career story and help create a one-of-a-kind fan experience at Honda Center.
Once you've had a chance to explore our current open positions, apply to the ones you feel best suit you, as an applicant, you can always see your application status in your profile.
Job Title:
Accountant, F&B
Pay Details:
The annual base salary range for this position in California is $90,000 to $100,000 per year. The starting pay for the successful candidate depends on various job-related factors, including but not limited to the candidate’s geographic location, job-related knowledge, skills, experience, education/training, internal value, peer equity, external market demands, and organizational considerations.
The Accountant supports daily financial operations, including revenue recording, reconciliations, accounts receivable/payable, and audit preparation. This role ensures accurate financial reporting and maintains organized fiscal records. This role requires 5-7 years of experience in accounting/finance.
Responsibilities
Review and reconcile POS sales reports and record revenue in the F&B general ledger according to appropriate sales categories, departments, and events
Reconcile daily settlements between POS reports and bank statements
Complete monthly bank reconciliations for all transactions across all bank accounts
Reconcile intercompany accounts
Oversee and maintain Accounts Receivable and provide regular updates to leadership on receivables status
Provide support to the Accounts Payable function
Contribute to the achievement of financial accounting objectives
Support financial audits by preparing required documentation, coordinating with auditors, and responding to audit inquiries in a timely and accurate manner
Assist in the preparation of monthly financial reports
Establish and maintain organized fiscal files and records to accurately document transactions
Assist with ad hoc reporting and special projects
Skills
Bachelor’s degree in accounting or a related field preferred
5-7 years of experience in accounting or finance
Experience in the food and beverage industry preferred
Proficiency in Microsoft Office applications (Word, Excel, Outlook) is a must
Knowledge of Microsoft Dynamics 365 F&O software is preferred
Proven knowledge of bookkeeping and accounting principles
Strong organizational skills
High attention to detail and accuracy
Excellent communication skills, both written and oral
Able to work efficiently and accurately, especially with deadlines
Able to manage a budget and work within the constraints of that budget
Able to define problems, collect data, establish facts, and draw valid conclusions
Able to take directions from multiple parties
Able to prioritize while handling multiple tasks
Knowledge, Skills and Experience
Education - Bachelor's Degree
Experience Required – 5+ Years
This position is on-site.
Company:
Anaheim Arena Management, LLC (F&B)
Our Commitment:
We are committed to providing an environment of mutual respect where equal employment opportunities are available to all applicants and team members without regard to race, color, religion, sex (including pregnancy and gender identity), national origin, political affiliation, sexual orientation, marital status, disability, genetic information, age, membership in an employee organization, parental status, military service, medical condition or any protected category prohibited by local, state or federal laws. We are firm believers that diversity and inclusion among our team members are critical to our success, and we seek to recruit, develop, and retain the most talented people from a diverse candidate pool.
If you like wild growth and working with happy, enthusiastic over-achievers, you'll enjoy your career with us!"
"TAX TECHNICIAN, FRANCHISE TAX BOARD",Franchise Tax Board,"$3,454 - $4,885 a month",,,"If you enjoy working in a team environment where you can apply your critical thinking, customer service, and analytical skills then we have the perfect opportunity for you. We are a team that provides excellent customer service to the public to help resolve their tax related issues. We are looking for a self-motivated individual who is responsible and enjoys mentoring and collaborating with others to join our team.

In your role, you will perform two essential aspects of the job. The first workload is to maintain an inventory of delinquent accounts and collect the proper amount of tax. The second workload is providing excellent customer service assisting our public counter.

In your customer service role, you will:

Assist customers pertaining to the collection and resolution of Personal Income Tax, Business Entity, and Non-Tax Debt accounts.

Assist customers in a professional manner.

Need to be able to work in a fast-paced environment, analyze documents thoroughly, explain applicable tax laws to taxpayers, and apply appropriate collection remedies to accounts.

Need to demonstrate a high degree of initiative, prudence, analytical ability, verbal as well as written communication skills, and be independent in decision making.

Work shifts are between the hours of 8:00 am and 5:00 pm, Monday through Friday.

Position(s) is located in the following office location:
Santa Ana
Additional positions may become available (eRPA 2425-00173).

Please complete this optional survey letting us know how you heard about this position by clicking here.

You will find additional information about the job in the Duty Statement.
Working Conditions
This position is eligible for limited remote working within California based on departmental guidelines and operational need. Once training is complete, FTB has a minimum in-office requirement of four days per week for all positions including those that are eligible for telework.
Minimum Requirements
You will find the Minimum Requirements in the Class Specification.
TAX TECHNICIAN, FRANCHISE TAX BOARD
Additional Documents
Job Application Package Checklist
Duty Statement
Position Details
Job Code #:
JC-469279
Position #(s):
564-663-7505-XXX
Working Title:
Tax Technician (Santa Ana Field Office)
Classification:
TAX TECHNICIAN, FRANCHISE TAX BOARD
$3,454.00 - $4,327.00 A
$3,900.00 - $4,885.00 B
# of Positions:
Multiple
Work Location:
Orange County
Telework:
Hybrid
Job Type:
Permanent, Full Time
Department Information
Our mission is to help taxpayers file timely and accurate tax returns, and pay the correct amount to fund services important to Californians.
FTB fosters an environment of equity and inclusion for all and we welcome everyone to be part of our diverse workforce.
Department Website: http://www.ftb.ca.gov
Special Requirements
The position(s) require(s) a Background Investigation be cleared prior to being hired.
This business uses E-Verify in its hiring practices to achieve a lawful workforce. E-Verify is a web-based system that allows enrolled employers to confirm the eligibility of their employees to work in the United States. For more information about E-Verify, please go to www.dhs.gov/e-verify.
CALIFORNIA CODE OF REGULATION, SECTION 172: All candidates for, appointees to, and employees in the state civil service shall possess the general qualifications of integrity, honesty, sobriety, dependability, industry, thoroughness, accuracy, good judgment, initiative, resourcefulness, courtesy, ability to work cooperatively with others, willingness and ability to assume the responsibilities and to conform to the conditions of work characteristic of the employment, and a state of health, consistent with the ability to perform the assigned duties of the class. Where the position requires the driving of an automobile, the employee must have a valid state driver's license, a good driving record and is expected to drive the car safely. The foregoing general qualifications shall be deemed to be a part of the personal characteristics of the minimum qualifications of each class specification and need not be specifically set forth therein.
**IMPORTANT NOTICE** As required by the department's rules of conduct, all employees of the Franchise Tax Board (FTB) must be in compliance with the California Revenue and Taxation Code. During the background investigation portion of the hiring process, FTB will review return information to verify California state income tax compliance. Any failure to comply with the California Revenue and Taxation Code may prevent you from being hired at FTB. You must verify your filing status by calling 1-800-852-5711 to resolve any potential tax compliance issues, prior to submitting your application and seeking employment with FTB. All applicants not currently employed with the Franchise Tax Board will be subject to a pre-employment background investigation. The investigation will consist of completion of a pre-employment questionnaire, fingerprinting, and an inquiry to the Department of Justice to disclose criminal records. We comply with the Americans with Disabilities Act. Persons with hearing or speech impairments, call TTY/TDD (800) 735-2929.
Application Instructions
Completed applications and all required documents must be received or postmarked by the Final Filing Date in order to be considered. Dates printed on Mobile Bar Codes, such as the Quick Response (QR) Codes available at the USPS, are not considered Postmark dates for the purpose of determining timely filing of an application.
Final Filing Date: 5/9/2025
Who May Apply
Individuals who are currently in the classification, eligible for lateral transfer, eligible for reinstatement, have list or LEAP eligibility, are in the process of obtaining list eligibility, or have SROA and/or Surplus eligibility (please attach your letter, if available). SROA and Surplus candidates are given priority; therefore, individuals with other eligibility may be considered in the event no SROA or Surplus candidates apply.

Applications will be screened and only the most qualified applicants will be selected to move forward in the selection process. Applicants must meet the Minimum Qualifications stated in the Classification Specification(s).
How To Apply
Complete Application Packages (including your Examination/Employment Application (STD 678) and applicable or required documents) must be submitted to apply for this Job Posting. Application Packages may be submitted electronically through your CalCareer Account at www.CalCareers.ca.gov. When submitting your application in hard copy, a completed copy of the Application Package listing must be included. If you choose to not apply electronically, a hard copy application package may be submitted through an alternative method listed below:
Address for Mailing Application Packages
You may submit your application and any applicable or required documents to:

Franchise Tax Board
Classification and Hiring Unit
Attn: Kiley Randell
P.O. Box 550
Sacramento, CA 95812-0550
Address for Drop-Off Application Packages
You may drop off your application and any applicable or required documents at:

Franchise Tax Board
Classification and Hiring Unit
ATTN: Kiley Randell
9646 Butterfield Way
Sacramento, CA 95827
Drop off at Welcome Center in Main Lobby (may be non-operational on weekends and holidays)
07:00 AM - 06:00 PM
Required Application Package Documents
The following items are required to be submitted with your application. Applicants who do not submit the required items timely may not be considered for this job:
Current version of the State Examination/Employment Application STD Form 678 (when not applying electronically), or the Electronic State Employment Application through your Applicant Account at www.CalCareers.ca.gov. All Experience and Education relating to the Minimum Qualifications listed on the Classification Specification should be included to demonstrate how you meet the Minimum Qualifications for the position.
Resume is required and must be included.
Applicants requiring reasonable accommodations for the hiring interview process must request the necessary accommodations if scheduled for a hiring interview. The request should be made at the time of contact to schedule the interview. Questions regarding reasonable accommodations may be directed to the EEO contact listed on this job posting.
Desirable Qualifications
In addition to evaluating each candidate's relative ability, as demonstrated by quality and breadth of experience, the following factors will provide the basis for competitively evaluating each candidate:
In addition to evaluating each candidate's relative ability, as demonstrated by quality and breadth of experience, the following factors will provide the basis for competitively evaluating each candidate:

We encourage you to apply regardless of if you meet 100% of the skills below. Please highlight your knowledge, skills, and experience related to these desirable qualifications in your application package:

Knowledge of the PC, including Microsoft Excel and Word applications.
Excellent interpersonal and customer service skills.
Ability to effectively deal face to face with the public and establish and maintain positive working relationships.
Ability to handle changing priorities and work under pressure.
Excellent communication skills, both verbal and written.
Willingness to adjust work schedule to meet operational needs.
Strong organizational and multi-tasking skills.
Ability to effectively work independently and in a team environment.
Knowledge of Taxpayer Information (TI), Business Entities Tax System (BETS), Accounts Receivable Collection System (ARCS), Business Entities (BE) ARCS, Taxpayer Folder (TPF), and Case Management (CM).
A two-year degree or equivalent.
Benefits
Benefit information can be found on the CalHR website and the CalPERS website.
Contact Information
The Human Resources Contact is available to answer questions regarding the application process. The Hiring Unit Contact is available to answer questions regarding the position.
Department Website: http://www.ftb.ca.gov
Human Resources Contact:
Classification & Hiring Unit
(916) 845-3608
Hiring Unit Contact:
Kiley Randell
(619) 688-2579 ext:
Kiley.Randell@ftb.ca.gov
Please direct requests for Reasonable Accommodations to the interview scheduler at the time the interview is being scheduled. You may direct any additional questions regarding Reasonable Accommodations or Equal Employment Opportunity for this position(s) to the Department's EEO Office.
EEO Contact:
EEO Office
(916) 845-2860
California Relay Service: 1-800-735-2929 (TTY), 1-800-735-2922 (Voice) TTY is a Telecommunications Device for the Deaf, and is reachable only from phones equipped with a TTY Device.
Additional Application Instructions
A complete application package must be received in the Classification & Hiring Unit or postmarked by the final filing date and must include:
Completed employment information on the STD. 678, including the “From” and “To” dates, “Hours Per Week,” and “Duties Performed"" fields for all jobs listed in the “Employment History” fields (resumes do not take the place of these fields on the STD. 678)
All of the required documents listed in the “Required Application Package Documents” section
The position number and job control number in the job title line of the STD. 678, if submitting a paper application package (these numbers will auto-populate in the job title line of the STD. 678 if submitting an electronic application through your CalCareer Account)
A signature, if submitting a paper application package
Candidates who do not follow all of the listed application instructions may be eliminated from the selection process. All submitted information will be screened and the most qualified candidates will be invited to an interview.
Electronic applications submitted through your CalCareer Account are highly recommended. If you are unable to apply electronically through your CalCareer account, please mail a completed and signed STD. 678 and application package to the mailing address provided above in the “Application Instructions” section.
Do not include full Social Security Number, method of eligibility, and LEAP information in your application package.
Examination Information
To apply for the Tax Technician position(s) as a list candidate, you must first take the online Tax Technician, Franchise Tax Board examination.
Equal Opportunity Employer
The State of California is an equal opportunity employer to all, regardless of age, ancestry, color, disability (mental and physical), exercising the right to family care and medical leave, gender, gender expression, gender identity, genetic information, marital status, medical condition, military or veteran status, national origin, political affiliation, race, religious creed, sex (includes pregnancy, childbirth, breastfeeding and related medical conditions), and sexual orientation.
It is an objective of the State of California to achieve a drug-free work place. Any applicant for state employment will be expected to behave in accordance with this objective because the use of illegal drugs is inconsistent with the law of the State, the rules governing Civil Service, and the special trust placed in public servants."
Sr. Staff Accountant (Hybrid/Remote),Word & Brown Companies,"$84,160 - $100,000 a year",,"Hybrid remote in Orange, CA 92868","(Pay range: $84,160 - $100,000 annually DOE)
Hybrid/Remote: in office 2x week & other days remote
Purpose of Position:
Assist in the timely and accurate accounting of company resources. Preparation of account reconciliation of company balance sheet accounts, management reports as needed and various tax preparations.
Essential Functions:
Prepare, analyze, and input journal entries to the general ledger system.
Preparation of financial statements according to GAAP.
Perform month end close tasks in a timely manner.
Analyze select general ledger to ensure that accounts are in balance, fully reconciled and items contained are appropriate in terms of classification and timeliness.
Ensure that subsidiary ledgers remain in balance with their related general ledger control accounts.
Perform complex balance sheet account reconciliation.
Perform loan covenant ratio calculations using financials.
Implement new accounting procedures based on new accounting standards.
Prepare and complete various federal, state and local filings.
Provide support to external tax preparer in preparation of quarterly and annual tax returns and payments.
Provide support for annual accounting audits.
Prepare complex analytical reports as assigned.
Perform special projects and other accounting duties as assigned.
Lead and guide the work of others in the department, including but not limited to: general ledger posting in to the accounting system, financial transactions required, financial reports completion and analysis, government report filing completion, and other finance related duties.
Stay current with developments, practice trends, and promulgations in the accounting profession and monitor accounting systems and recommend new or revised policies and procedures.
Participate in the development and implementation of goals, objectives, policies, and priorities for department.
Recommend and administer policies and procedures.
Hybrid attendance and punctuality are essential functions of the job.
Perform other business tasks or functions as assigned.
Knowledge, Skills & Abilities Required:
Seven (7) plus years’ experience with a high volume computerized General Ledger System.
Strong understanding of GAAP and accruals.
Account analysis, journal entry processing experience and working knowledge of internal controls absolutely required.
Strong written and oral communication skills.
Highly developed PC skills, preferably in Microsoft environment.
Emphasis on Excel, Word and Access.
Microsoft Dynamics GP experience, a plus.
Payroll accounting experience a plus.
Educational Requirements:
High school diploma or equivalent required.
Bachelor’s degree in Accounting or significant, equivalent experience.
Physical Requirements: Must be able to sit for extended periods of time and occasional standing and walking. Must have adequate hearing for phone work. Vision requirements include close vision and the ability to adjust focus. Must be able to communicate effectively in English. Must be able to use a keyboard and other office equipment. Ability to lift up to 10 pounds occasionally.
Job Type: Full-time
Pay: $84,160.00 - $100,000.00 per year
Benefits:
401(k)
401(k) matching
Dental insurance
Flexible spending account
Health insurance
Life insurance
Paid time off
Referral program
Vision insurance
Work from home
Schedule:
8 hour shift
Day shift
Monday to Friday
Weekends only
Education:
High school or equivalent (Required)
Experience:
Accounting: 3 years (Required)
Microsoft Dynamics GP: 1 year (Preferred)
Tax accounting: 1 year (Preferred)
Ability to Commute:
Orange, CA 92868 (Required)
Work Location: Hybrid remote in Orange, CA 92868"
Entry Level Accountant/ Bookkeeper,Pac-Dent Inc.,"$45,000 - $65,000 a year","670 Endeavor Circle, Brea, CA 92821",In person,"ENTRY-LEVEL ACCOUNTANT/ BOOKKEEPER
Pac-Dent Inc. headquartered in Brea, CA, is a fast-growing international design, manufacturing and wholesale dental product and device company. Founded in 1992, Pac-Dent has earned the reputation as one of the best and most reliable in the dental industry. Pac-Dent serves its customers through state-of-the-art manufacturing, strong research and development capabilities, innovative approach to lean operations, and superior customer service by constantly adapting to market and customer needs. With its mission of Passion for Excellence, Pac-Dent focuses on delivering the highest quality, technologically advanced and innovative products in the preventive, restorative, teeth whitening, endodontic and infection control segments.
Job Overview:
Pac-Dent Inc. is seeking a detail-oriented and motivated individual to join our team as an Entry-Level Accountant/Bookkeeper. In this role, you will be responsible for assisting with various accounting and bookkeeping tasks to ensure accurate financial records and reports.
Benefits:
401(k)
Health insurance
Dental insurance
Vision insurance
Paid time off
Paid sick leave
Pay: $45k-65k per year
Responsibilities and Duties:
Assist with daily bookkeeping activities, including data entry, recording transactions, generating reports, and maintaining financial records
Reconcile bank statements and other financial documents to ensure accuracy
Process accounts payable and receivables, including invoicing, payments and collections
Assist in governmental surveys
Assist in preparation of financial statements such as income statements and balance sheets
Collaborate with team members and provide support in various accounting and finance projects as assigned
Requirements and Qualifications:
Bachelor’s degree in Accounting, Finance, or a related field is preferred
1-2 years of experience preferred
QuickBooks experience preferred: 1-year minimum
Skills
Strong attention to detail and accuracy in financial data entry and analysis
Good understanding of basic accounting principles and concepts
Strong organizational and time management skills
Excellent written and verbal communication skills
Ability to work both independently and collaboratively in a team-oriented environment
Job Type: Full-time
Pay: $45,000.00 - $65,000.00 per year
Benefits:
401(k)
401(k) matching
Dental insurance
Health insurance
Paid time off
Vision insurance
Schedule:
8 hour shift
Monday to Friday
Work Location: In person"
Inventory Accountant,Harbinger Motors Inc.,"$100,000 - $110,000 a year",,,"About Harbinger
Harbinger Motors Inc. is a Southern California-based electric vehicle manufacturer on a mission to transform the automotive and transportation industries, bringing to market EVs developed from the ground up to address the needs of the Medium Duty vehicle industry. This broad, and to date poorly addressed, market segment includes class 4 to 7 commercial delivery vehicles, RVs and utility vehicles, among others. Leveraging a foundation of proprietary, in-house developed vehicle technologies, Harbinger's first-of-its-kind EV platform will bring enhancements in vehicle performance, durability and operator comfort. And importantly, Harbinger's vehicles will be priced for zero acquisition premium relative to traditional gas- and diesel-based competitors, removing one of the most tenacious barriers to EV adoption.
Harbinger's team, with operations in Southern California and Michigan, includes industry veterans with expertise in powertrain, battery, chassis and software development, along with leaders in advanced manufacturing, corporate development, operations and finance. Our team members come from leading innovators, both in and out of the automotive industry, including Tesla, Rivian, Canoo, Ford, Anduril, and SpaceX.
Founded in 2021, Harbinger is a venture-backed startup on a rapid growth trajectory, looking for candidates that thrive on tackling complex challenges and who share in our passion to bring clean transportation alternatives to a segment of the market starving for innovation.

Job Overview
Harbinger Motors are looking for an experienced Inventory Accountant with a strong accounting background in cost accounting and inventory management. This role will be responsible for accounting and reporting for accurate cost of goods sold (COGS) and inventory valuation. This role requires advanced analytical skills, extensive experience in inventory and cost accounting, and the ability to develop and implement effective inventory management systems.
What You'll Do:
Execute monthly closing tasks, including preparing journal entries, performing reconciliations, and conducting variance analyses.
Responsible for end-to-end inventory processes, costing and valuations.
Collaborate with Accounts Payable, Production, Operations, Engineering and Logistics departments to ensure accurate recording of inventory data
Manage inventory cycle count program.
Prepare and maintain monthly inventory roll-forwards and reserves
Prepare and maintain excess and obsolete inventory (E&O) report
Analyze all freight-in transactions and classify to correct products, perform journal entries for freight.
Assist with the financial audits and provide recommendations for procedural improvements to ensure accounting procedures and reporting conform to generally accepted accounting principles.
Conduct root cause analysis of cycle count variances and provide a corrective action plan, creating or updating company SOPs for inventory if necessary.
Maintain correspondence with warehouse and production teams and establish proper inventory procedures
Assist with various special projects as required.
Who You Are:
Bachelor's degree in Accounting, Finance, or Business with an emphasis in Accounting.
3+ years of relevant accounting experience.
Proven experience in establishing and maintaining inventory reconciliation processes.
NetSuite experience preferred.
Highly organized and detail-oriented, capable of managing multiple projects with tight deadlines.
Strong analytical and problem-solving skills.
Excellent verbal and written communication abilities.
Advanced proficiency in MS Excel and ERP/MRP systems.
Equal Opportunity
Harbinger is an equal opportunity employer and complies with all applicable federal, state, and local fair employment practices laws. All qualified applicants will receive consideration for employment without regard to race, color, religion, national origin, ancestry, sex, sexual orientation, gender, gender expression, gender identity, genetic information or characteristics, physical or mental disability, marital/domestic partner status, age, military/veteran status, medical condition, or any other characteristic protected by law.
Harbinger is committed to ensuring that our hiring process is accessible for persons with disabilities. If you have a disability or limitation, such as those covered by the Americans with Disabilities Act, that requires accommodations to assist you in the search and application process, please email us at info@harbingermotors.com.
Candidate Data Privacy
Harbinger may collect, use and disclose your personal information or personal data (within the meaning of the applicable data protection laws) when you apply for employment and/or participate in our recruitment processes (""Candidate Personal Data""). This data includes contact, demographic, communications, educational, professional, employment, social media/website, network/device, recruiting system usage/interaction, security and preference information. Harbinger may use your Candidate Personal Data for the purposes of (i) tracking interactions with our recruiting system; (ii) carrying out, analyzing and improving our application and recruitment process, including assessing you and your application and conducting employment, background and reference checks; (iii) establishing an employment relationship or entering into an employment contract with you; (iv) complying with our legal, regulatory and corporate governance obligations; (v) recordkeeping; (vi) ensuring network and information security and preventing fraud; and (vii) as otherwise required or permitted by applicable law.
Harbinger may share your Candidate Personal Data with (i) internal personnel who have a need to know such information in order to perform their duties, including individuals on our HR, legal, and finance teams, and the team(s) with the position(s) for which you are applying; (ii) Harbinger affiliates; and (iii) Harbinger's service providers, including providers of background checks, staffing services, and cloud services.
Harbinger may transfer or store internationally your Candidate Personal Data, including to or in the United States, Canada, the United Kingdom, and the European Union and in the cloud, and this data may be subject to the laws and accessible to the courts, law enforcement and national security authorities of such jurisdictions.
Please note that we are currently not accepting applications from third party application services. Any unsolicited resumes or candidate profiles submitted in response to our job posting shall be considered the property of Harbinger and are not subject to payment of referral or placement fees if any such candidate is later hired by Harbinger unless you have a signed written agreement in place with us which covers the applicable job posting."
"Senior Supervisor (M3), Program Cost Controls *ONSITE*",Raytheon,"$90,000 - $182,000 a year","1801 Hughes Dr, Fullerton, CA 92833",,"Date Posted:
2025-04-25
Country:
United States of America
Location:
CA550: Fullerton, CA Bldg 675 1801 West Hughes Drive Building 675, Fullerton, CA, 92834 USA
Position Role Type:
Onsite
U.S. Citizen, U.S. Person, or Immigration Status Requirements:
U.S. citizenship is required, as only U.S. citizens are authorized to access information under this program/contract.
Security Clearance:
None/Not Required
At Raytheon, the foundation of everything we do is rooted in our values and a higher calling – to help our nation and allies defend freedoms and deter aggression. We bring the strength of more than 100 years of experience and renowned engineering expertise to meet the needs of today’s mission and stay ahead of tomorrow’s threat. Our team solves tough, meaningful problems that create a safer, more secure world.
The Product Support program area in the Land and Air Defense Systems Mission Area has an exciting opportunity for a key finance team member (M3) to guide a varied portfolio of programs. The position is an integral part of the business area team and a business base that is predominantly intra-company facing. The candidate will work closely with the area program managers, business growth lead(s) and all functional groups including SCM. This position includes leading and executing program controls, baseline development, Estimate at Complete (EACs), Gate 4’s, internal customer negotiations, and financial planning requirements including AOP, Long Range Plan and R&O administration. The principal specialist will also ensure the team adhere to all internal and IOT policies.
The selected candidate will need to prioritize all deliverables and review direct reports work product for quality and accuracy of reports. Analytical ability, effective communication and ability to influence, motivate and partner with team members are critical responsibilities for this role. More broadly, this position is responsible for assisting all financial management and analysis as contributor, and via direct reports, of the program portfolio from proposal to close-out along with the FP&A duties and reporting requirements throughout implementation.
This role is being offered in an onsite capacity and is based on the needs of the business. Onsite work can be done at the Fullerton, CA location. Relocation assistance is not being offered.
What You Will Do:
Lead, develop and provide analysis for a portfolio of programs that includes all elements of cost, including international/subsidiary field service business
Supporting multiple levels of reviews, including monthly program status reviews, EACs, Program LRE development, Financial forecasting (monthly, AOP & Long Range Plan), Risk & Opportunity analysis, as needed.
Continuing to meet deliverable requirements, prepare charts, conduct customer interfacing, and ensure program financial performance against EAC and forecast
Present financial data to organization and make financial based decision making for area on a consistent basis
Customer interface, including negotiation support
Support the FP&A requirements including monthly forecast, SRO, AOP and Long Range Plan processes, ensuring adherence to deadlines and coordinating with the program teams for inputs and agreement
Mentor and develop team members as well as other analysts within the team
Qualifications You Must Have:
Typically requires a Bachelor's degree in Finance, Accounting, or Business related field & 5 years related work experience; OR an Advanced degree and 3 years of related work experience
Experience with SAP, APEX, PRISM, AO and/or Rplan
Experience with data analysis and/or reporting
Experience with MS Office products (Excel, Word and/or PowerPoint)
U.S. citizenship is required, as only U.S. citizens are authorized to access the financial management system due to government contractual requirements.
Qualifications We Prefer:
Knowledge of IOT's (Inter Organizational Transfers)
Experience in communicating financial concepts, trends and variances to organization
Shows initiative by seeking ways to improve processes and data analysis
Works under general direction and participates in choosing objectives of assignment
Excellent communication skills (written and oral), with ability to work with and communicate seamlessly with manager(s) and program personnel across various locations and time zones
Experience with financial forecasting, budgeting and variance analysis
Experience with application of finance principles, concepts, practices, and standards
What We Offer
Our values drive our actions, behaviors, and performance with a vision for a safer, more connected world. At RTX we value: Trust, Respect, Accountability, Collaboration, and Innovation.

Onsite: Employees who are working in Onsite roles will work primarily onsite. This includes all production and maintenance employees, as they are essential to the development of our products.
The salary range for this role is 90,000 USD - 182,000 USD. The salary range provided is a good faith estimate representative of all experience levels. RTX considers several factors when extending an offer, including but not limited to, the role, function and associated responsibilities, a candidate’s work experience, location, education/training, and key skills.
Hired applicants may be eligible for benefits, including but not limited to, medical, dental, vision, life insurance, short-term disability, long-term disability, 401(k) match, flexible spending accounts, flexible work schedules, employee assistance program, Employee Scholar Program, parental leave, paid time off, and holidays. Specific benefits are dependent upon the specific business unit as well as whether or not the position is covered by a collective-bargaining agreement.
Hired applicants may be eligible for annual short-term and/or long-term incentive compensation programs depending on the level of the position and whether or not it is covered by a collective-bargaining agreement. Payments under these annual programs are not guaranteed and are dependent upon a variety of factors including, but not limited to, individual performance, business unit performance, and/or the company’s performance.
This role is a U.S.-based role. If the successful candidate resides in a U.S. territory, the appropriate pay structure and benefits will apply.
RTX anticipates the application window closing approximately 40 days from the date the notice was posted. However, factors such as candidate flow and business necessity may require RTX to shorten or extend the application window.
RTX is an Equal Opportunity Employer. All qualified applicants will receive consideration for employment without regard to race, color, religion, sex, sexual orientation, gender identity, national origin, age, disability or veteran status, or any other applicable state or federal protected class. RTX provides affirmative action in employment for qualified Individuals with a Disability and Protected Veterans in compliance with Section 503 of the Rehabilitation Act and the Vietnam Era Veterans’ Readjustment Assistance Act.
Privacy Policy and Terms:
Click on this link to read the Policy and Terms"
Staff Accountant,Illumination Foundation,"$75,000 - $80,000 a year",,,"“Every person deserves compassion, dignity, and the safety of a place to call home.”
Homelessness is the largest social and public health crisis in California. Illumination Foundation (IF) is a growing non-profit organization dedicated towards disrupting the cycle of homelessness by providing targeted, interdisciplinary services in our recuperative care centers, emergency shelters, housing services and children's and family programs. IF currently has 13+ facilities with 22+ micro-communities scattered across Orange County, Los Angeles County and the Inland Empire.
Job Description
The Staff Accountant will prepare and maintain financial records to track the organization's assets,
liabilities, profit and loss, tax liabilities, and other related financial activities.

The pay range for this role is between $75,000- $80,000 per year.

Responsibilities
Performs general cost accounting and other related duties for the organization.
Maintains the general ledger.
Helps reconcile GL and balance sheet accounts and closes the monthly books.
Reconciles bank accounts monthly, deposits check via desktop deposit, and addresses inquiries from banks.
Reconciles cash disbursement accounts, payroll, customer accounts, and other financial accounts.
Prepares and maintains loan and depreciation schedules.
Supports with credit card and petty cash reconciliation and entries.
Provides outside auditors with assistance; gathers necessary account information and documents to perform annual audit.
Files tax forms with federal, state, and local government agencies.
Coordinates with software vendors to maintain accounting software systems; recommends updates to enhance the accounting software.
Maintains knowledge of acceptable accounting practices and procedures.
Performs other related duties as assigned.

Preferred Experience/Minimum Qualifications

Required:
Bachelor's degree in Accounting, or related field, required.
2 + years relevant experience.
MS Office Suite, with proficiency in excel.
Ability to prioritize and maintain a high level of discretion

Preferred:
QuickBooks experience
NetSuite, Concur, Bill.com experience
Knowledge and experience with Federal Uniform Guidance regulations.

Benefits
Medical Insurance funded up to 91% by Illumination Foundation (Kaiser and Blue Shield), depending on the plan
Dental and Vision Insurance
Life, AD&D and LTD Insurance funded 100% by Illumination Foundation
Employee Assistance Program
Professional Development Reimbursement
401K with Company Matching
15 days vacation PTO/year
6 days of sick pay/year
Potential eligibility for the Public Service Loan Forgiveness Program (PSFL) for federally qualified loans
i5V7bwef6k"
Financial Controller,Non Descript,Full-time,,In person,"Who We Are:
At 7 Leaves Café, we're more than just a coffee shop - we're a community driven by passion, purpose, and the belief that every cup has the power to enrich lives. Since opening our doors in 2011, what began as a shared dream among friends has flourished into a thriving family of over 40 locations across the Southwestern United States. We take pride in crafting authentic beverages inspired by tradition and innovation, all served in a warm, welcoming environment where every guest feels at home.
What We Offer:
Medical, Dental, and Vision Insurance for eligible Team Members
Paid Vacation & Holidays
Exclusive employee discounts and a free drink every shift!
Leadership Development and Team Bonding Retreats
About the Role:
As a Controller, you are responsible for overseeing all aspects of our company's financial management, including corporate accounting, financial reporting, budget and forecasts preparation, and internal controls. The Financial Controller will ensure the accuracy and integrity of financial data, drive process improvements, and provide strategic financial insights to support the growth of our coffee and tea brand.
Pay Range: $120,000 - $140,000 per year (Exempt)
Location: Onsite - Huntington Beach, CA
Job Responsibilities:
Oversee the preparation of monthly, quarterly, and annual financial statements in accordance with GAAP.
Lead the month-end and year-end close processes, ensuring timely and accurate financial reporting.
Review financial statements and reports, providing analysis and insights for senior management.
Collaborate with department heads to prepare annual budgets and rolling forecasts.
Analyze budget variances, identify trends, and provide recommendations for cost-saving measures.
Monitor cash flow and support the CFO in developing financial strategies.
Establish, maintain, and enhance internal controls to safeguard company assets and ensure compliance with financial regulations.
Coordinate and manage external audits, providing all necessary documentation and responding to auditor inquiries.
Ensure compliance with tax regulations and filing requirements, collaborating with external tax advisors as needed.
Lead, mentor, and develop the Finance team, including Accounts Payable, Accounts Receivable, and Payroll functions.
Set clear performance goals, provide regular feedback, and support the professional growth of team members.
Foster a collaborative and high-performance culture within the Finance department.
Identify opportunities for process improvements and implement best practices to enhance efficiency and accuracy in financial operations.
Lead the implementation of new accounting systems or software upgrades, ensuring smooth transitions and training for the team.
Collaborate with cross-functional teams to support business initiatives and integrate financial insights.
Partner with the CFO and senior leadership team to provide financial insights and recommendations for strategic decision-making.
Contribute to long-term financial planning, including expansion opportunities, new product launches, and investment analysis.
Monitor industry trends, market conditions, and competitor activities to inform financial strategy.
Requirements and Qualifications:
Bachelor's degree in Accounting, Finance, or related field
CPA Licensed Required
5+ years of experience in accounting/finance, with at least 2 years in a leadership role
Strong knowledge of GAAP, financial reporting, and internal controls
Experience with budgeting, forecasting, and cash flow management
Proficiency in ERP/accounting software (e.g.,SAGE)
Strong analytical, problem-solving, and communication skills
Ability to lead teams and drive process improvements
Experience in hospitality, food & beverage, or retail industry is a plus
7 Leaves Cafe Corporation is an Equal Opportunity Employer. Employment decisions are made without regard to race, color, religion, national origin, gender, sexual orientation, gender identity, age, physical or mental disability, genetic factors, military/veteran status, or other characteristics protected by law. This organization participates in.
Job Type: Full-time
Pay: $120,000.00 - $140,000.00 per year
Benefits:
Dental insurance
Employee discount
Flexible schedule
Health insurance
Paid time off
Vision insurance
Schedule:
Monday to Friday
Supplemental Pay:
Bonus opportunities
Ability to Commute:
Huntington Beach, CA 92647 (Preferred)
Ability to Relocate:
Huntington Beach, CA 92647: Relocate before starting work (Preferred)
Work Location: In person"
Project Accountant,Control Air Enterprises LLC,$25 - $40 an hour,,,"Control Air Enterprises LLC is looking for a Project Accountant with prior experience who can immediately join our Accounting Department at our headquarters in Anaheim, California. Work full-time in our professional office environment. Project accounting / Job cost accounting creates financial data specifically to track the financial progress of projects, which can then be used by managers to aid project management.
Responsibilities include the following but not limited to:
Job cost management: maintain records of budgets contracts, change orders, productions units installed, expenditures, forecasts and cash flow.
Review and prepare costs and backups prior to compiling monthly progress billing packets.
Perform a monthly billing audit to ensure all costs are captured and reconciled.
Collect/log monthly lien releases from subcontractors and vendors to be submitted to General Contractor for payment.
Coordinate with Accounts Payable to release payment for subcontractors and vendors.
Work as a liaison between the project management team and General Contractor for project and billing compliance.
Assist the project management team and field personnel to resolve and troubleshoot any issues.
Assist on labor tracking and reconciliation to ensure accuracy.
Track and reconcile subcontractor payments, committed costs and preliminary requests.
Recording documents as well as creating & updating databases.
Research and reconcile invoices.
Assist in data collection and printing of general reports.
Learn all software programs utilized in the day-to-day business operations of the company.
Other duties as assigned.
Required Characteristics:
Project Accounting/Job Cost Accounting experience is required
- minimum 3 years.
Proficient with Microsoft Office (Word & Excel).
Highly organized, detail-oriented and able to manage multiple tasks at one time.
Strong work ethic + problem-solver.
Strong interpersonal skills + team player.
Excellent communicator - both verbal & written.
Friendly, helpful & dependable.
Professional & courteous telephone manner.
Flexible & able to prioritize tasks to meet deadlines.
Self-motivated, trustworthy & reliable.
Benefits include the following:
Medical Benefits.
Dental Benefits.
Vision Benefits
401k retirement plan.
Life Insurance.
Long Term Disability.
Paid holidays.
PTO
Employee stock ownership plan (ESOP)
Pay: $25.00-$40.00/Hour
Let’s be honest- life is too short to work at job that you don’t love. So, do something about it! Come be a part of our team and work with us on industry defining projects. We are a family of passionate people, who are smart and kind, and have some pretty amazing skills. We love what we do, and love being California’s Homegrown Mechanical Experts.
A little bit about us. We have been in business for over 42 years, are a full mechanical contracting firm specializing in Major Construction, Tenant Improvement, Industrial, Plumbing, Retrofit, Service, Controls, Energy Commissioning and Detailing. Our divisions can handle a wide range of projects and services that include Design Build, Design Assist and Plan & Spec for facilities in the Medical, Entertainment, Laboratory, Hotel, Resort, Office, Government, Education, Civic and Commercial industries. Oh, we are also 100% employed owned (ESOP), have over 1,000 family members, and have one of the largest fabrication shops in California. Our corporate headquarters are in Southern California (Anaheim - just south of Los Angeles), conveniently located near several major freeways. We also have offices in San Diego and Hayward (Northern California). Our manufacturing facilities are located in Anaheim (Southern California) and Hayward (Northern California).
Please refer to our website at www.controlac.com for additional information.
We look forward to hearing from you!"
Controller,Touchstone Engineering Corporation,"$150,000 - $200,000 a year","10701 Holder Street, Cypress, CA 90630",In person,"At Touchstone Engineering, we offer an industry-leading service. The ideal candidate will have experience as a senior-level accountant in the construction industry. This candidate must be a strong communicator and skilled financial analyst, they will streamline our budgeting, payroll, and financial reporting processes. The controller will also produce thorough financial status reports for senior managers to help improve our operational efficiency and aid in our continued growth.
The role of Director of Finance or Chief Financial Officer will be the natural progression for a Controller. As they take responsibility for the Company’s future financial planning and high-level decision making for the Company.
Responsibilities and Duties:
Maintains internal safeguards for revenue receipts, costs, team, and organizational budgets, and actual expenditures
Establishes financial and operating benchmarks, budgets, program monitoring, and reporting standards
Implements consistent accounting policies, practices, and procedures across the Company, adhering to national and local legal standards while remaining knowledgeable of proposed legislation
Ensures compliance with relevant accounting regulations and tax laws.
Negotiates and manages Property leases for all Company needs
Negotiates and manages all Company Insurance, Bank line of Credit, and Bonding limits.
Completes bank and bonding reporting and yearly sales tax reports
Coordinates with external auditors and ensures compliance with all audit requirements.
Oversees all financial, project/program, and accounting; ensures that expenditures are consistently aligned with the Company’s Budget throughout the fiscal year; collates financial reporting materials for government requirements
Develops and enforces internal controls to maximize the protection of company assets, policies, procedures, and workflows
Oversees and supports the accounting team with dynamic leadership that creates an environment of trust and productivity
Oversees payroll process and ensures data accuracy and compliance with laws and regulations.
Prepares Corporation Tax Returns seamlessly
Identifies and communicates economic trends, variations, and opportunities for enhancement
Provides leadership in fostering internal communications with all staff across the organization; cultivates and promotes a positive and supportive work environment
Completes all year-end audits for 401K, General Liability Insurance, and Workers' Comp.
Qualifications and Skills:
Bachelor’s degree in accounting, finance, or related field; Master’s in Business Administration is preferred
Ten or more years of professional accounting experience
Five or more years of experience of senior-level accounting experience or finance manager within the Construction Industry
Professional certification, such as CPA (certified public accountant) or CA (chartered accountant)
Strong understanding of banking processes and financial data analysis
Working knowledge of national and local tax regulations and compliance reporting
Experience in managing payroll, with a focus on streamlining accounting processes
Exemplary history of financial project management
Knowledge of OCIP/Wrap and Certified Payroll
Proficient experience in QuickBooks Construction Software, Access, and Microsoft Office.
Strong ethical conduct
Working Conditions
Sitting for extended periods, standing, walking, typing, carrying, pushing, bending
Work primarily indoors with varying environmental conditions, such as air conditioning
Compensation
Touchstone Engineering is an Equal Opportunity Employer
We offer competitive compensation, medical insurance, 401k match, holiday/sick pay
Job Type: Full-time
Pay: $150,000.00 - $200,000.00 per year
Benefits:
401(k) matching
Dental insurance
Health insurance
Paid time off
Vision insurance
Schedule:
Monday to Friday
Education:
Bachelor's (Required)
Experience:
Construction Industry: 5 years (Required)
Ability to Commute:
Cypress, CA 90630 (Required)
Work Location: In person"
